{
  "currentstatus": "new",
  "itemcode": "IT-001",
  "batchnumber": "value",
  "recipename": "R1",
  "batchcomment": "TEST",
  "batch": 
    {
      "title": "GENRAL",
      "active": true,
      "parameters": {
        "parameterid": "value",
        "uniquename": "value",
        "description": "value",
        "label": "value",
        "baseuom": "value",
        "datatype": "value",
        "comments": "value",
        "deletionflag": "value",
        "value": "value",
        "lock": "value"
      },
      "parameter_version": {
        "specmin": "10",
        "specmax": "2334",
        "stepno": 30,
        "stepdescription": "SSST",
        "dropdownlimittolist": false,
        "dropdownvalues": ""
      },
      "batch_data": {
        "batchdataid": "value",
        "rowno": "value",
        "parametername": "value",
        "specmax": "value",
        "specmin": "value",
        "doccomment": "value",
        "usercomment": "value",
        "esig": "value",
        "parametervalue": "value",
        "isflag": "value",
        "uom": "value",
        "uomselected": "value"
      },
   
    "analysis": {
      "data": [
        10,
        20,
        30,
        40
      ],
      "labels": [
        "L1",
        "L2",
        "L3",
        "L4"
      ]
    },
    "comment": {},
    "audit": { }
  
}
}